{"sections":{"main":{"type":"main-404","settings":{}},"newsletter":{"type":"newsletter","blocks":{"newsletter-0":{"type":"heading","settings":{"heading":"Subscribe to our emails"}},"newsletter-1":{"type":"paragraph","settings":{"text":"<p>Subscribe to our mailing list for insider news, product launches, and more.<\/p>"}},"newsletter-2":{"type":"email_form","settings":{}}},"block_order":["newsletter-0","newsletter-1","newsletter-2"],"settings":{"color_scheme":"accent-1","padding_top":64,"padding_bottom":52}}},"order":["main","newsletter"]}