{"sections":{"main-collection-banner":{"type":"main-collection-banner","disabled":true,"settings":{"show_collection_description":true,"show_collection_image":true,"color_scheme":"background-2"}},"main-collection-product-grid":{"type":"main-collection-product-grid","settings":{"products_per_page":12,"columns_desktop":4,"image_ratio":"portrait","show_secondary_image":true,"show_vendor":false,"show_rating":true,"enable_quick_add":true,"enable_filtering":true,"filter_type":"horizontal","enable_sorting":true,"columns_mobile":"2","padding_top":20,"padding_bottom":68}},"newsletter":{"type":"newsletter","blocks":{"heading":{"type":"heading","settings":{"heading":"subscribe to our emails","heading_size":"h1"}},"paragraph":{"type":"paragraph","settings":{"text":"<p>Subscribe to our mailing list for insider news, product launches, and more.<\/p>"}},"email-form":{"type":"email_form","settings":{}}},"block_order":["heading","paragraph","email-form"],"settings":{"color_scheme":"background-2","full_width":true,"padding_top":64,"padding_bottom":52}}},"order":["main-collection-banner","main-collection-product-grid","newsletter"]}