{"sections":{"rich_text":{"type":"rich-text","blocks":{"heading":{"type":"heading","settings":{"heading":"<p><em>Bijoux Rares<\/em><\/p>","heading_size":"h1"}},"text":{"type":"text","settings":{"text":"<p>Jewelry is like the perfect spice - it always compliments what's already there - Diane Von Furstenberg<\/p>"}},"6b366a07-f697-4f28-a72a-d8aab96291b1":{"type":"button","settings":{"button_label":"SHOP ALL","button_link":"shopify:\/\/collections\/all","button_style_secondary":true,"button_label_2":"","button_link_2":"","button_style_secondary_2":false}}},"block_order":["heading","text","6b366a07-f697-4f28-a72a-d8aab96291b1"],"settings":{"desktop_content_position":"center","content_alignment":"center","color_scheme":"background-2","full_width":true,"padding_top":44,"padding_bottom":40}},"collection-list":{"type":"collection-list","blocks":{"collection-0":{"type":"featured_collection","settings":{"collection":"kids-babies"}},"collection-1":{"type":"featured_collection","settings":{"collection":"womens-clothing"}},"collection-2":{"type":"featured_collection","settings":{"collection":"jewelry-watches"}}},"block_order":["collection-0","collection-1","collection-2"],"settings":{"title":"","heading_size":"h1","image_ratio":"square","columns_desktop":3,"color_scheme":"background-2","show_view_all":false,"columns_mobile":"1","swipe_on_mobile":true,"padding_top":24,"padding_bottom":36}},"1662560897833094cb":{"type":"featured-collection","settings":{"title":"","heading_size":"h1","description":"","show_description":false,"description_style":"body","collection":"accessories","products_to_show":4,"columns_desktop":4,"full_width":false,"show_view_all":true,"view_all_style":"outline","enable_desktop_slider":true,"color_scheme":"background-1","image_ratio":"adapt","show_secondary_image":true,"show_vendor":false,"show_rating":false,"enable_quick_add":true,"columns_mobile":"2","swipe_on_mobile":true,"padding_top":36,"padding_bottom":36}},"1662395619851327da":{"type":"rich-text","settings":{"desktop_content_position":"center","content_alignment":"center","color_scheme":"background-1","full_width":true,"padding_top":40,"padding_bottom":52}},"16623933442de0d0a0":{"type":"slideshow","blocks":{"1662393344e007f9e4-0":{"type":"slide","disabled":true,"settings":{"image":"shopify:\/\/shop_images\/woman-silhouette-with-pearl-necklace.jpg","heading":"","heading_size":"h2","subheading":"","button_label":"CLICK FOR MORE","link":"shopify:\/\/blogs\/10-essential-minimalist-jewelry-pieces","button_style_secondary":true,"box_align":"middle-center","show_text_box":false,"text_alignment":"center","image_overlay_opacity":0,"color_scheme":"background-2","text_alignment_mobile":"center"}},"9142d33b-afe7-4933-a267-7fdb98689e76":{"type":"slide","disabled":true,"settings":{"heading":"Image slide","heading_size":"h1","subheading":"Tell your brand's story through images","button_label":"Button label","link":"","button_style_secondary":false,"box_align":"middle-center","show_text_box":true,"text_alignment":"center","image_overlay_opacity":0,"color_scheme":"background-1","text_alignment_mobile":"center"}}},"block_order":["1662393344e007f9e4-0","9142d33b-afe7-4933-a267-7fdb98689e76"],"settings":{"layout":"grid","slide_height":"medium","slider_visual":"counter","auto_rotate":true,"change_slides_speed":5,"show_text_below":true,"accessibility_info":"About Our Brand"}},"1662392796deebf844":{"type":"apps","blocks":{"56c3f317-60f5-42ab-9bd9-f5617a91f2dc":{"type":"shopify:\/\/apps\/judge-me-product-reviews\/blocks\/verified_badge\/61ccd3b1-a9f2-4160-9fe9-4fec8413e5d8","settings":{}},"28741dc1-0b08-433b-ae5b-c006ce620c2f":{"type":"shopify:\/\/apps\/judge-me-product-reviews\/blocks\/featured_carousel\/61ccd3b1-a9f2-4160-9fe9-4fec8413e5d8","settings":{"maxwidth":1080}}},"block_order":["56c3f317-60f5-42ab-9bd9-f5617a91f2dc","28741dc1-0b08-433b-ae5b-c006ce620c2f"],"settings":{"include_margins":true}},"1661029805d68414f7":{"type":"judgeme_carousel_section","settings":{"maxwidth":1080}},"featured-blog":{"type":"featured-blog","disabled":true,"settings":{"heading":"","heading_size":"h2","blog":"10-essential-minimalist-jewelry-pieces","post_limit":3,"columns_desktop":3,"color_scheme":"background-2","show_image":true,"show_date":true,"show_author":false,"show_view_all":true,"padding_top":24,"padding_bottom":88}},"rich-text-1":{"type":"rich-text","blocks":{"heading":{"type":"heading","settings":{"heading":"<p>About Bijoux Rares<\/p>","heading_size":"h2"}},"text":{"type":"text","settings":{"text":"<p>Bijoux Rares is a brand designed to bring to you luxary jewlery at an affordable price! Each design was graceful made with diaphanous silks. Our Jewlery was vintage-inspired and can go well with any outfit regardless of the style you aim for!<\/p>"}}},"block_order":["heading","text"],"settings":{"desktop_content_position":"center","content_alignment":"center","color_scheme":"background-2","full_width":true,"padding_top":40,"padding_bottom":44}},"16630196365dda29b9":{"type":"apps","settings":{"include_margins":true}},"1661377747b1f37181":{"type":"apps","blocks":{"ef4eec64-2ffd-4c3c-bddd-1d87952365ab":{"type":"shopify:\/\/apps\/seguno-email-marketing\/blocks\/newsletter_form\/db65571f-fa4d-473d-baa2-283a96dc76bc","settings":{"heading":"subscribe to our newsletter","subheading":"<p>Be the first to know about new collections and exclusive offers.<\/p>","show_first_name":false,"show_last_name":false,"show_permission_checkbox":true,"tags":"newsletter","return_to":"","label_first_name":"First name","placeholder_first_name":"","label_last_name":"Last name","placeholder_last_name":"","label_email":"Email","placeholder_email":"","label_permission":"<p>I agree to receive marketing emails<\/p>","label_subscribe":"Subscribe","success_message":"Thanks for subscribing","background_color":"#ffffff","text_color":"#8b6f29","button_background_color":"#8b6f29","button_text_color":"#ffffff"}}},"block_order":["ef4eec64-2ffd-4c3c-bddd-1d87952365ab"],"settings":{"include_margins":true}},"multicolumn":{"type":"multicolumn","blocks":{"column-1":{"type":"column","disabled":true,"settings":{"title":"Column","text":"<p>Pair text with an image to focus on your chosen product, collection, or blog post. Add details on availability, style, or even provide a review.<\/p>","link_label":"","link":""}},"column-2":{"type":"column","disabled":true,"settings":{"title":"Column","text":"<p>Pair text with an image to focus on your chosen product, collection, or blog post. Add details on availability, style, or even provide a review.<\/p>","link_label":"","link":""}}},"block_order":["column-1","column-2"],"settings":{"title":"","heading_size":"h2","image_width":"full","image_ratio":"adapt","columns_desktop":3,"column_alignment":"center","background_style":"none","button_label":"","button_link":"","color_scheme":"background-2","columns_mobile":"1","swipe_on_mobile":true,"padding_top":32,"padding_bottom":40}},"collage":{"type":"collage","disabled":true,"blocks":{"collection":{"type":"collection","settings":{"collection":""}},"image-0":{"type":"image","settings":{"image_padding":false}},"image-1":{"type":"image","settings":{"image_padding":false}}},"block_order":["collection","image-0","image-1"],"settings":{"heading":"Multimedia collage","heading_size":"h2","desktop_layout":"left","mobile_layout":"collage","color_scheme":"background-2","padding_top":36,"padding_bottom":36}},"multicolumn-1":{"type":"multicolumn","disabled":true,"blocks":{"column-1":{"type":"column","settings":{"title":"Column","text":"<p>Pair text with an image to focus on your chosen product, collection, or blog post. Add details on availability, style, or even provide a review.<\/p>","link_label":"","link":""}},"column-2":{"type":"column","settings":{"title":"Column","text":"<p>Pair text with an image to focus on your chosen product, collection, or blog post. Add details on availability, style, or even provide a review.<\/p>","link_label":"","link":""}},"column-3":{"type":"column","settings":{"title":"Column","text":"<p>Pair text with an image to focus on your chosen product, collection, or blog post. Add details on availability, style, or even provide a review.<\/p>","link_label":"","link":""}},"column-4":{"type":"column","settings":{"title":"Column","text":"<p>Pair text with an image to focus on your chosen product, collection, or blog post. Add details on availability, style, or even provide a review.<\/p>","link_label":"","link":""}}},"block_order":["column-1","column-2","column-3","column-4"],"settings":{"title":"","heading_size":"h1","image_width":"third","image_ratio":"adapt","columns_desktop":4,"column_alignment":"center","background_style":"none","button_label":"","button_link":"","color_scheme":"background-2","columns_mobile":"1","swipe_on_mobile":false,"padding_top":28,"padding_bottom":28}},"166303552770437371":{"type":"apps","settings":{"include_margins":true}}},"order":["rich_text","collection-list","1662560897833094cb","1662395619851327da","16623933442de0d0a0","1662392796deebf844","1661029805d68414f7","featured-blog","rich-text-1","16630196365dda29b9","1661377747b1f37181","multicolumn","collage","multicolumn-1","166303552770437371"]}