{"sections":{"main":{"type":"main-product","blocks":{"text":{"type":"text","settings":{"text":"{{ product.vendor }}","text_style":"body"}},"title":{"type":"title","settings":{}},"caption":{"type":"text","settings":{"text":"{{ product.metafields.descriptors.subtitle.value }}","text_style":"subtitle"}},"price":{"type":"price","settings":{}},"judgeme_preview_badge_product_page_b0240aa8":{"type":"shopify:\/\/apps\/judge-me-product-reviews\/blocks\/preview_badge\/61ccd3b1-a9f2-4160-9fe9-4fec8413e5d8","settings":{}},"variant_picker":{"type":"variant_picker","settings":{"picker_type":"button"}},"quantity_selector":{"type":"quantity_selector","settings":{}},"buy_buttons":{"type":"buy_buttons","settings":{"show_dynamic_checkout":true}},"description":{"type":"description","settings":{}},"share":{"type":"share","settings":{"share_label":"Share"}},"collapsible-tab-0":{"type":"collapsible_tab","settings":{"heading":"Materials","icon":"clipboard","content":"","page":""}},"collapsible-tab-1":{"type":"collapsible_tab","settings":{"heading":"Dimensions","icon":"ruler","content":"","page":""}},"collapsible-tab-2":{"type":"collapsible_tab","settings":{"heading":"Care information","icon":"heart","content":"","page":""}}},"block_order":["text","title","caption","price","judgeme_preview_badge_product_page_b0240aa8","variant_picker","quantity_selector","buy_buttons","description","share","collapsible-tab-0","collapsible-tab-1","collapsible-tab-2"],"settings":{"enable_sticky_info":true,"gallery_layout":"stacked","media_size":"medium","mobile_thumbnails":"hide","hide_variants":false,"enable_video_looping":false,"padding_top":36,"padding_bottom":44}},"judgeme_section_review_widget_fa08":{"type":"apps","blocks":{"judgeme_review_widget_49785a8c":{"type":"shopify:\/\/apps\/judge-me-product-reviews\/blocks\/review_widget\/61ccd3b1-a9f2-4160-9fe9-4fec8413e5d8","settings":{}}},"block_order":["judgeme_review_widget_49785a8c"],"settings":{"include_margins":true}},"main-product-recommendations":{"type":"product-recommendations","settings":{"heading":"You may also like","heading_size":"h2","products_to_show":4,"columns_desktop":4,"color_scheme":"background-1","image_ratio":"square","show_secondary_image":false,"show_vendor":false,"show_rating":false,"columns_mobile":"2","padding_top":36,"padding_bottom":68}},"newsletter":{"type":"newsletter","blocks":{"heading":{"type":"heading","settings":{"heading":"Subscribe to our emails","heading_size":"h1"}},"paragraph":{"type":"paragraph","settings":{"text":"<p>Subscribe to our mailing list for insider news, product launches, and more.<\/p>"}},"email-form":{"type":"email_form","settings":{}}},"block_order":["heading","paragraph","email-form"],"settings":{"color_scheme":"accent-1","full_width":true,"padding_top":64,"padding_bottom":52}}},"order":["main","judgeme_section_review_widget_fa08","main-product-recommendations","newsletter"]}