{"current":{"colors_solid_button_labels":"#ffffff","colors_accent_1":"#8b6f29","gradient_accent_1":"","colors_accent_2":"#252525","gradient_accent_2":"","colors_text":"#8b6f29","colors_outline_button_labels":"#252525","colors_background_1":"#fafafa","gradient_background_1":"","colors_background_2":"#FFFFFF","gradient_background_2":"","type_header_font":"americana_n4","heading_scale":100,"type_body_font":"quattrocento_sans_n4","body_scale":100,"page_width":1000,"spacing_sections":0,"spacing_grid_horizontal":20,"spacing_grid_vertical":20,"buttons_border_thickness":1,"buttons_border_opacity":100,"buttons_radius":6,"buttons_shadow_opacity":0,"buttons_shadow_horizontal_offset":0,"buttons_shadow_vertical_offset":4,"buttons_shadow_blur":5,"variant_pills_border_thickness":1,"variant_pills_border_opacity":55,"variant_pills_radius":40,"variant_pills_shadow_opacity":0,"variant_pills_shadow_horizontal_offset":0,"variant_pills_shadow_vertical_offset":4,"variant_pills_shadow_blur":5,"inputs_border_thickness":1,"inputs_border_opacity":55,"inputs_radius":6,"inputs_shadow_opacity":0,"inputs_shadow_horizontal_offset":0,"inputs_shadow_vertical_offset":4,"inputs_shadow_blur":5,"card_style":"card","card_image_padding":0,"card_text_alignment":"left","card_color_scheme":"background-1","card_border_thickness":1,"card_border_opacity":10,"card_corner_radius":6,"card_shadow_opacity":0,"card_shadow_horizontal_offset":0,"card_shadow_vertical_offset":4,"card_shadow_blur":5,"text_boxes_border_thickness":0,"text_boxes_border_opacity":10,"text_boxes_radius":6,"text_boxes_shadow_opacity":0,"text_boxes_shadow_horizontal_offset":0,"text_boxes_shadow_vertical_offset":4,"text_boxes_shadow_blur":5,"media_border_thickness":0,"media_border_opacity":10,"media_radius":6,"media_shadow_opacity":0,"media_shadow_horizontal_offset":0,"media_shadow_vertical_offset":4,"media_shadow_blur":5,"popup_border_thickness":1,"popup_border_opacity":50,"popup_corner_radius":6,"popup_shadow_opacity":0,"popup_shadow_horizontal_offset":0,"popup_shadow_vertical_offset":4,"popup_shadow_blur":5,"drawer_border_thickness":1,"drawer_border_opacity":10,"drawer_shadow_opacity":0,"drawer_shadow_horizontal_offset":0,"drawer_shadow_vertical_offset":4,"drawer_shadow_blur":5,"badge_position":"bottom left","badge_corner_radius":6,"sale_badge_color_scheme":"accent-2","sold_out_badge_color_scheme":"inverse","accent_icons":"text","social_twitter_link":"","social_facebook_link":"","social_pinterest_link":"","social_instagram_link":"","social_tiktok_link":"","social_tumblr_link":"","social_snapchat_link":"","social_youtube_link":"","social_vimeo_link":"","predictive_search_enabled":true,"predictive_search_show_vendor":false,"predictive_search_show_price":true,"currency_code_enabled":true,"cart_type":"notification","show_vendor":false,"show_cart_note":false,"sections":{"announcement-bar":{"type":"announcement-bar","blocks":{"announcement-bar-0":{"type":"announcement","settings":{"text":"Welcome to our store","color_scheme":"background-2","link":""}}},"block_order":["announcement-bar-0"],"settings":{}},"header":{"type":"header","settings":{"color_scheme":"background-2","logo":"shopify:\/\/shop_images\/F155B392-33E8-418C-8841-65F9C736B7F6.jpg","logo_width":100,"logo_position":"top-center","menu":"main-menu","menu_type_desktop":"dropdown","show_line_separator":true,"enable_sticky_header":false,"margin_bottom":0,"padding_top":12,"padding_bottom":20}},"footer":{"type":"footer","blocks":{"link-list":{"type":"link_list","disabled":true,"settings":{"heading":"","menu":"footer"}},"text":{"type":"text","settings":{"heading":"Our Mission","subtext":"<p>Our Demo has always been to provide Luxary Jewlery based on the value, quility, and variety of designs and styles. We try and innovate our services to customers around the globe to make a diference through our branding and stay connect with the latest fashion trends.<\/p>"}}},"block_order":["link-list","text"],"settings":{"color_scheme":"background-2","newsletter_enable":false,"newsletter_heading":"Subscribe to our emails","show_social":true,"enable_country_selector":true,"enable_language_selector":true,"payment_enable":true,"margin_top":8,"padding_top":36,"padding_bottom":36}},"main-password-header":{"type":"main-password-header","settings":{"logo":"{{ shop.brand.logo }}","logo_max_width":100,"color_scheme":"background-1"}},"main-password-footer":{"type":"main-password-footer","settings":{"color_scheme":"background-1"}}},"content_for_index":[],"blocks":{"judgeme_core_3dd9f10c":{"type":"shopify:\/\/apps\/judge-me-product-reviews\/blocks\/judgeme_core\/61ccd3b1-a9f2-4160-9fe9-4fec8413e5d8","disabled":false,"settings":{}},"9144908965052497053":{"type":"shopify:\/\/apps\/related-products-also-bought\/blocks\/app-embed\/75cf2d86-3988-45e7-8f28-ada23c99704f","disabled":true,"settings":{}},"13182238052301688732":{"type":"shopify:\/\/apps\/personalized-recommendations\/blocks\/app-embed\/6e79d991-1504-45bb-88e3-1fb55a4f26cd","disabled":true,"settings":{"disable-rk-styles":false,"add-glide-init-timeouts":false,"enable-design-mode-preview":false}}}},"presets":{"Default":{"colors_solid_button_labels":"#EFECEC","colors_accent_1":"#2C332F","gradient_accent_1":"","colors_accent_2":"#3F5147","gradient_accent_2":"","colors_text":"#252525","colors_outline_button_labels":"#505655","colors_background_1":"#EFECEC","gradient_background_1":"","colors_background_2":"#FFFFFF","gradient_background_2":"","type_header_font":"americana_n4","heading_scale":100,"type_body_font":"quattrocento_sans_n4","body_scale":100,"page_width":1200,"spacing_sections":0,"spacing_grid_horizontal":20,"spacing_grid_vertical":20,"buttons_border_thickness":1,"buttons_border_opacity":100,"buttons_radius":6,"buttons_shadow_opacity":0,"buttons_shadow_horizontal_offset":0,"buttons_shadow_vertical_offset":4,"buttons_shadow_blur":5,"variant_pills_border_thickness":1,"variant_pills_border_opacity":55,"variant_pills_radius":40,"variant_pills_shadow_opacity":0,"variant_pills_shadow_horizontal_offset":0,"variant_pills_shadow_vertical_offset":4,"variant_pills_shadow_blur":5,"inputs_border_thickness":1,"inputs_border_opacity":55,"inputs_radius":6,"inputs_shadow_opacity":0,"inputs_shadow_horizontal_offset":0,"inputs_shadow_vertical_offset":4,"inputs_shadow_blur":5,"card_style":"card","card_image_padding":0,"card_text_alignment":"left","card_color_scheme":"background-1","card_border_thickness":1,"card_border_opacity":10,"card_corner_radius":6,"card_shadow_opacity":0,"card_shadow_horizontal_offset":0,"card_shadow_vertical_offset":4,"card_shadow_blur":5,"text_boxes_border_thickness":0,"text_boxes_border_opacity":10,"text_boxes_radius":6,"text_boxes_shadow_opacity":0,"text_boxes_shadow_horizontal_offset":0,"text_boxes_shadow_vertical_offset":4,"text_boxes_shadow_blur":5,"media_border_thickness":0,"media_border_opacity":10,"media_radius":6,"media_shadow_opacity":0,"media_shadow_horizontal_offset":0,"media_shadow_vertical_offset":4,"media_shadow_blur":5,"popup_border_thickness":1,"popup_border_opacity":50,"popup_corner_radius":6,"popup_shadow_opacity":0,"popup_shadow_horizontal_offset":0,"popup_shadow_vertical_offset":4,"popup_shadow_blur":5,"drawer_border_thickness":1,"drawer_border_opacity":10,"drawer_shadow_opacity":0,"drawer_shadow_horizontal_offset":0,"drawer_shadow_vertical_offset":4,"drawer_shadow_blur":5,"badge_position":"bottom left","badge_corner_radius":6,"sale_badge_color_scheme":"accent-2","sold_out_badge_color_scheme":"inverse","accent_icons":"text","social_twitter_link":"","social_facebook_link":"","social_pinterest_link":"","social_instagram_link":"","social_tiktok_link":"","social_tumblr_link":"","social_snapchat_link":"","social_youtube_link":"","social_vimeo_link":"","predictive_search_enabled":true,"predictive_search_show_vendor":false,"predictive_search_show_price":true,"currency_code_enabled":true,"cart_type":"notification","show_vendor":false,"show_cart_note":false,"sections":{"announcement-bar":{"type":"announcement-bar","blocks":{"announcement-bar-0":{"type":"announcement","settings":{"text":"Welcome to our store","color_scheme":"accent-1","link":""}}},"block_order":["announcement-bar-0"],"settings":{}},"header":{"type":"header","settings":{"color_scheme":"background-1","logo":"{{ shop.brand.logo }}","logo_width":100,"logo_position":"top-center","menu":"main-menu","show_line_separator":false,"enable_sticky_header":false,"margin_bottom":0,"padding_top":20,"padding_bottom":20}},"footer":{"type":"footer","blocks":{"link-list":{"type":"link_list","settings":{"heading":"Quick links","menu":"footer"}},"text":{"type":"text","settings":{"heading":"Heading","subtext":"<p>Share contact information, store details, and brand content with your customers.<\/p>"}}},"block_order":["link-list","text"],"settings":{"color_scheme":"accent-1","newsletter_enable":false,"newsletter_heading":"Subscribe to our emails","show_social":false,"enable_country_selector":true,"enable_language_selector":true,"payment_enable":true,"margin_top":0,"padding_top":36,"padding_bottom":36}},"main-password-header":{"type":"main-password-header","settings":{"logo":"{{ shop.brand.logo }}","logo_max_width":100,"color_scheme":"background-1"}},"main-password-footer":{"type":"main-password-footer","settings":{"color_scheme":"background-1"}}}}}}